shot_id,cast,ref,prompt,world,duration_s,steps,cfg,mode,engine,keyframe,lastframe,ref_labels,audio,seed,size,negative,status,notes
I1,none,,shots/01_I1.raw.txt,,8,,,standard,wan3,,,,no,30313,1280x720,,done,L04 rowboat 01 I1 River morning empty boat at the jetty (W1)
I2,Appa+Mintu+Minnu,refs/01-appa-face.jpg|refs/02-appa-body.jpg|refs/03-mintu-front.jpg|refs/04-mintu-side.jpg|refs/05-minnu-face.jpg|refs/06-minnu-body.jpg,shots/02_I2.raw.txt,,6,,,standard,wan3,,,Appa|Appa|Mintu|Mintu|Minnu|Minnu,no,30313,1280x720,,done,L04 rowboat 02 I2 Push off from the jetty (W1)
V1a,Appa+Mintu+Minnu,refs/01-appa-face.jpg|refs/02-appa-body.jpg|refs/03-mintu-front.jpg|refs/04-mintu-side.jpg|refs/05-minnu-face.jpg|refs/06-minnu-body.jpg,shots/03_V1a.raw.txt,,6,,,standard,wan3,,,Appa|Appa|Mintu|Mintu|Minnu|Minnu,no,30313,1280x720,,done,L04 rowboat 03 V1a Hero rowing shot — the look-lock (W1)
V1b,Appa+Mintu+Minnu,refs/01-appa-face.jpg|refs/02-appa-body.jpg|refs/03-mintu-front.jpg|refs/04-mintu-side.jpg|refs/05-minnu-face.jpg|refs/06-minnu-body.jpg,shots/04_V1b.raw.txt,,3,,,standard,wan3,,,Appa|Appa|Mintu|Mintu|Minnu|Minnu,no,30313,1280x720,,done,L04 rowboat 04 V1b Merrily ×4 — arms up (W1)
V1c,Appa+Mintu+Minnu,refs/01-appa-face.jpg|refs/02-appa-body.jpg|refs/03-mintu-front.jpg|refs/04-mintu-side.jpg|refs/05-minnu-face.jpg|refs/06-minnu-body.jpg,shots/05_V1c.raw.txt,,3,,,standard,wan3,,,Appa|Appa|Mintu|Mintu|Minnu|Minnu,no,30313,1280x720,,done,L04 rowboat 05 V1c Life is but a dream — blossom arch (W1)
V2a,Appa+Mintu+Minnu,refs/01-appa-face.jpg|refs/02-appa-body.jpg|refs/03-mintu-front.jpg|refs/04-mintu-side.jpg|refs/05-minnu-face.jpg|refs/06-minnu-body.jpg,shots/06_V2a.raw.txt,,3,,,standard,wan3,,,Appa|Appa|Mintu|Mintu|Minnu|Minnu,no,30313,1280x720,,done,L04 rowboat 06 V2a Appa rows then notices something (W1)
V2b,Appa+Mintu+Minnu,refs/01-appa-face.jpg|refs/02-appa-body.jpg|refs/03-mintu-front.jpg|refs/04-mintu-side.jpg|refs/05-minnu-face.jpg|refs/06-minnu-body.jpg,shots/07_V2b.raw.txt,,3,,,standard,wan3,,,Appa|Appa|Mintu|Mintu|Minnu|Minnu,no,30313,1280x720,,done,L04 rowboat 07 V2b Bubbles beside the boat (W1)
V2c,Appa+Mintu+Minnu+Modhu,refs/01-appa-face.jpg|refs/02-appa-body.jpg|refs/03-mintu-front.jpg|refs/04-mintu-side.jpg|refs/05-minnu-face.jpg|refs/06-minnu-body.jpg|refs/07-modhu-crocodile.jpg,shots/08_V2c.raw.txt,,3,,,standard,wan3,,,Appa|Appa|Mintu|Mintu|Minnu|Minnu|Modhu,no,30313,1280x720,,done,L04 rowboat 08 V2c Modhu pops up and waves (W1)
V2d,Appa+Mintu+Minnu,refs/01-appa-face.jpg|refs/02-appa-body.jpg|refs/03-mintu-front.jpg|refs/04-mintu-side.jpg|refs/05-minnu-face.jpg|refs/06-minnu-body.jpg,shots/09_V2d.raw.txt,,4,,,standard,wan3,,,Appa|Appa|Mintu|Mintu|Minnu|Minnu,no,30313,1280x720,,done,L04 rowboat 09 V2d SCREAM — the play-scream (W1)
X1a,Appa+Mintu+Minnu+Modhu,refs/01-appa-face.jpg|refs/02-appa-body.jpg|refs/03-mintu-front.jpg|refs/04-mintu-side.jpg|refs/05-minnu-face.jpg|refs/06-minnu-body.jpg|refs/07-modhu-crocodile.jpg,shots/10_X1a.raw.txt,,6,,,standard,wan3,,,Appa|Appa|Mintu|Mintu|Minnu|Minnu|Modhu,no,30313,1280x720,,done,L04 rowboat 10 X1a Modhu waves goodbye from the bank (W1)
X1b,Appa+Mintu+Minnu,refs/01-appa-face.jpg|refs/02-appa-body.jpg|refs/03-mintu-front.jpg|refs/04-mintu-side.jpg|refs/05-minnu-face.jpg|refs/06-minnu-body.jpg,shots/11_X1b.raw.txt,,6,,,standard,wan3,,,Appa|Appa|Mintu|Mintu|Minnu|Minnu,no,30313,1280x720,,done,L04 rowboat 11 X1b Under the footbridge into golden grass (W1)
V3a,Appa+Mintu+Minnu,refs/01-appa-face.jpg|refs/02-appa-body.jpg|refs/03-mintu-front.jpg|refs/04-mintu-side.jpg|refs/05-minnu-face.jpg|refs/06-minnu-body.jpg,shots/12_V3a.raw.txt,,6,,,standard,wan3,,,Appa|Appa|Mintu|Mintu|Minnu|Minnu,no,30313,1280x720,,done,L04 rowboat 12 V3a Something fluffy in the grass (W2)
V3b,Singa,refs/08-singa-lion.jpg,shots/13_V3b.raw.txt,,3,,,standard,wan3,,,Singa,no,30313,1280x720,,done,L04 rowboat 13 V3b Singa steps onto the rock (W2)
V3c,Appa+Mintu+Minnu,refs/01-appa-face.jpg|refs/02-appa-body.jpg|refs/03-mintu-front.jpg|refs/04-mintu-side.jpg|refs/05-minnu-face.jpg|refs/06-minnu-body.jpg,shots/14_V3c.raw.txt,,4,,,standard,wan3,,,Appa|Appa|Mintu|Mintu|Minnu|Minnu,no,30313,1280x720,,done,L04 rowboat 14 V3c ROAR — paws up (W2)
X2a,Appa+Mintu+Minnu,refs/01-appa-face.jpg|refs/02-appa-body.jpg|refs/03-mintu-front.jpg|refs/04-mintu-side.jpg|refs/05-minnu-face.jpg|refs/06-minnu-body.jpg,shots/15_X2a.raw.txt,,6,,,standard,wan3,,,Appa|Appa|Mintu|Mintu|Minnu|Minnu,no,30313,1280x720,,,L04 rowboat 15 X2a Seated rowing dance (W3)
X2b,Appa+Mintu+Minnu,refs/01-appa-face.jpg|refs/02-appa-body.jpg|refs/03-mintu-front.jpg|refs/04-mintu-side.jpg|refs/05-minnu-face.jpg|refs/06-minnu-body.jpg,shots/16_X2b.raw.txt,,6,,,standard,wan3,,,Appa|Appa|Mintu|Mintu|Minnu|Minnu,no,30313,1280x720,,,L04 rowboat 16 X2b Splash and a lazy spin (W3)
V4a,Appa+Mintu+Minnu,refs/01-appa-face.jpg|refs/02-appa-body.jpg|refs/03-mintu-front.jpg|refs/04-mintu-side.jpg|refs/05-minnu-face.jpg|refs/06-minnu-body.jpg,shots/17_V4a.raw.txt,,6,,,standard,wan3,,,Appa|Appa|Mintu|Mintu|Minnu|Minnu,no,30313,1280x720,,,L04 rowboat 17 V4a Round the bend into snow (W4)
V4b,Pani-Karadi,refs/09-pani-karadi-polar-bear.jpg,shots/18_V4b.raw.txt,,3,,,standard,wan3,,,Pani Karadi,no,30313,1280x720,,,L04 rowboat 18 V4b Pani Karadi waves from the ice (W4)
V4c,Appa+Mintu+Minnu,refs/01-appa-face.jpg|refs/02-appa-body.jpg|refs/03-mintu-front.jpg|refs/04-mintu-side.jpg|refs/05-minnu-face.jpg|refs/06-minnu-body.jpg,shots/19_V4c.raw.txt,,4,,,standard,wan3,,,Appa|Appa|Mintu|Mintu|Minnu|Minnu,no,30313,1280x720,,,L04 rowboat 19 V4c SHIVER — brrr (W4)
X3a,Modhu+Singa+Pani-Karadi,refs/07-modhu-crocodile.jpg|refs/08-singa-lion.jpg|refs/09-pani-karadi-polar-bear.jpg,shots/20_X3a.raw.txt,,6,,,standard,wan3,,,Modhu|Singa|Pani Karadi,no,30313,1280x720,,,L04 rowboat 20 X3a All the animal friends wave (W3)
X3b,Appa+Mintu+Minnu,refs/01-appa-face.jpg|refs/02-appa-body.jpg|refs/03-mintu-front.jpg|refs/04-mintu-side.jpg|refs/05-minnu-face.jpg|refs/06-minnu-body.jpg,shots/21_X3b.raw.txt,,6,,,standard,wan3,,,Appa|Appa|Mintu|Mintu|Minnu|Minnu,no,30313,1280x720,,,L04 rowboat 21 X3b Wave back then crane up (W3)
V5a,Appa+Mintu+Minnu,refs/01-appa-face.jpg|refs/02-appa-body.jpg|refs/03-mintu-front.jpg|refs/04-mintu-side.jpg|refs/05-minnu-face.jpg|refs/06-minnu-body.jpg,shots/22_V5a.raw.txt,,6,,,standard,wan3,,,Appa|Appa|Mintu|Mintu|Minnu|Minnu,no,30313,1280x720,,,L04 rowboat 22 V5a The secret channel (W5)
V5b,Chiku,refs/10-chiku-mouse.jpg,shots/23_V5b.raw.txt,,3,,,standard,wan3,,,Chiku,no,30313,1280x720,,,L04 rowboat 23 V5b Chiku on his lily pad (W5)
V5c,Appa+Mintu+Minnu,refs/01-appa-face.jpg|refs/02-appa-body.jpg|refs/03-mintu-front.jpg|refs/04-mintu-side.jpg|refs/05-minnu-face.jpg|refs/06-minnu-body.jpg,shots/24_V5c.raw.txt,,4,,,standard,wan3,,,Appa|Appa|Mintu|Mintu|Minnu|Minnu,no,30313,1280x720,,,L04 rowboat 24 V5c SQUEAK — tiny mouse faces (W5)
V6a,Chiku,refs/10-chiku-mouse.jpg,shots/25_V6a.raw.txt,,3,,,standard,wan3,,,Chiku,no,30313,1280x720,,,L04 rowboat 25 V6a Chiku waves goodbye (W5)
V6b,Appa+Mintu+Minnu,refs/01-appa-face.jpg|refs/02-appa-body.jpg|refs/03-mintu-front.jpg|refs/04-mintu-side.jpg|refs/05-minnu-face.jpg|refs/06-minnu-body.jpg,shots/26_V6b.raw.txt,,3,,,standard,wan3,,,Appa|Appa|Mintu|Mintu|Minnu|Minnu,no,30313,1280x720,,,L04 rowboat 26 V6b Out onto the golden river (W6)
V6c,Appa+Mintu+Minnu,refs/01-appa-face.jpg|refs/02-appa-body.jpg|refs/03-mintu-front.jpg|refs/04-mintu-side.jpg|refs/05-minnu-face.jpg|refs/06-minnu-body.jpg,shots/27_V6c.raw.txt,,3,,,standard,wan3,,,Appa|Appa|Mintu|Mintu|Minnu|Minnu,no,30313,1280x720,,,L04 rowboat 27 V6c Merrily ×4 — the callback (W6)
V6d,Appa+Mintu+Minnu,refs/01-appa-face.jpg|refs/02-appa-body.jpg|refs/03-mintu-front.jpg|refs/04-mintu-side.jpg|refs/05-minnu-face.jpg|refs/06-minnu-body.jpg,shots/28_V6d.raw.txt,,3,,,standard,wan3,,,Appa|Appa|Mintu|Mintu|Minnu|Minnu,no,30313,1280x720,,,L04 rowboat 28 V6d Dream finale — crane into the sunset (W6)
T1,none,,shots/29_T1.raw.txt,,3,,,standard,wan3,,,,no,30313,1280x720,,,L04 rowboat 29 T1 Sunset — the boat drifts away (W6)
